question,prompt,answer,generated_text
Продолжение этого фильма Евгения Матвеева называется,"Вы участвуете в викторине ""Что? Где? Когда?"". Внимательно прочитайте вопрос из категории ""Любовь"" и ответьте на него. Обратите внимание на формат ответа: если он не указан в вопросе, то запишите только слово или фразу, отвечающую на вопрос, никаких дополнительных рассуждений приводить не нужно.
Вопрос: Продолжение этого фильма Евгения Матвеева называется
Ответ: ",,________________________________________________________________________________________________________________________________________________________________________________________________________________________________________________________________________________________________________________________________________________________________________________________________________________
Продолжение этого фильма Евгения Матвеева называется,"Прочитайте вопрос из категории ""Любовь"" и ответьте на него: Продолжение этого фильма Евгения Матвеева называется
Ответ: ",,________________________________________________________________________________________________________________________________________________________________________________________________________________________________________________________________________________________________________________________________________________________________________________________________________________
Продолжение этого фильма Евгения Матвеева называется,"Вы участвуете в викторине ""Что? Где? Когда?"". Внимательно прочитайте вопрос из категории ""Любовь"" и ответьте на него. Обратите внимание на формат ответа: если он не указан в вопросе, то запишите только слово или фразу, отвечающую на вопрос, никаких дополнительных рассуждений приводить не нужно.
Вопрос: Продолжение этого фильма Евгения Матвеева называется
Ответ: ",,________________________________________________________________________________________________________________________________________________________________________________________________________________________________________________________________________________________________________________________________________________________________________________________________________________
Продолжение этого фильма Евгения Матвеева называется,"Вы участвуете в викторине ""Что? Где? Когда?"". Прочитайте внимательно вопрос из категории ""Любовь"" и дайте точный ответ. Вопрос: Продолжение этого фильма Евгения Матвеева называется
Ответ: ",,________________________________________________________________________________________________________________________________________________________________________________________________________________________________________________________________________________________________________________________________________________________________________________________________________________
Продолжение этого фильма Евгения Матвеева называется,"Угадайте, в какой категории из ""Что? Где? Когда?"" относится следующий вопрос: ""Продолжение этого фильма Евгения Матвеева называется"". Ваш ответ: Любовь
Ответ: ",,________________________________________________________________________________________________________________________________________________________________________________________________________________________________________________________________________________________________________________________________________________________________________________________________________________
"С ЭТИМ ЧЕЛОВЕКОМ, 33-м потомком Нина, Державин сравнивает богатого и ленивого вельможу.","Вы участвуете в викторине ""Что? Где? Когда?"". Внимательно прочитайте вопрос из категории ""Гласные - только ""А"""" и ответьте на него. Обратите внимание на формат ответа: если он не указан в вопросе, то запишите только слово или фразу, отвечающую на вопрос, никаких дополнительных рассуждений приводить не нужно.
Вопрос: С ЭТИМ ЧЕЛОВЕКОМ, 33-м потомком Нина, Державин сравнивает богатого и ленивого вельможу.
Ответ: ",,"<...>
Вопрос: С ЭТИМ ЧЕЛОВЕКОМ, 33-м потомком Нина, Державин сравнивает богатого и ленивого вельможу.
Ответ: <...>
Вопрос: С ЭТИМ ЧЕЛОВЕКОМ, 33-м потомком Нина, Державин сравнивает богатого и ленивого вель"
"С ЭТИМ ЧЕЛОВЕКОМ, 33-м потомком Нина, Державин сравнивает богатого и ленивого вельможу.","Прочитайте вопрос из категории ""Гласные - только ""А"""" и ответьте на него: С ЭТИМ ЧЕЛОВЕКОМ, 33-м потомком Нина, Державин сравнивает богатого и ленивого вельможу.
Ответ: ",,"<<А>>
С ЭТИМ ЧЕЛОВЕКОМ, 33-м потомком Нина, Державин сравнивает богатого и ленивого вельможу.
Вот и я, как и многие, не понимаю, почему Державин сравнивает богатого и ленивого вельможу.
Вот и я, как и многие, не понимаю, почему"
"С ЭТИМ ЧЕЛОВЕКОМ, 33-м потомком Нина, Державин сравнивает богатого и ленивого вельможу.","Вы участвуете в викторине ""Что? Где? Когда?"". Внимательно прочитайте вопрос из категории ""Гласные - только ""А"""" и ответьте на него. Обратите внимание на формат ответа: если он не указан в вопросе, то запишите только слово или фразу, отвечающую на вопрос, никаких дополнительных рассуждений приводить не нужно.
Вопрос: С ЭТИМ ЧЕЛОВЕКОМ, 33-м потомком Нина, Державин сравнивает богатого и ленивого вельможу.
Ответ: ",,"<...>
Вопрос: С ЭТИМ ЧЕЛОВЕКОМ, 33-м потомком Нина, Державин сравнивает богатого и ленивого вельможу.
Ответ: <...>
Вопрос: С ЭТИМ ЧЕЛОВЕКОМ, 33-м потомком Нина, Державин сравнивает богатого и ленивого вель"
"С ЭТИМ ЧЕЛОВЕКОМ, 33-м потомком Нина, Державин сравнивает богатого и ленивого вельможу.","Вы участвуете в викторине ""Что? Где? Когда?"". Прочитайте внимательно вопрос из категории ""Гласные - только ""А"""" и дайте точный ответ. Вопрос: С ЭТИМ ЧЕЛОВЕКОМ, 33-м потомком Нина, Державин сравнивает богатого и ленивого вельможу.
Ответ: ",,"<<Державин>>.
Вопрос: С ЭТИМ ЧЕЛОВЕКОМ, 33-м потомком Нина, Державин сравнивает богатого и ленивого вельможу.
Ответ: <<Державин>>.
Вопрос: С ЭТИМ ЧЕЛОВЕКОМ, 33-м потомком Нина, Державин"
"С ЭТИМ ЧЕЛОВЕКОМ, 33-м потомком Нина, Державин сравнивает богатого и ленивого вельможу.","Угадайте, в какой категории из ""Что? Где? Когда?"" относится следующий вопрос: ""С ЭТИМ ЧЕЛОВЕКОМ, 33-м потомком Нина, Державин сравнивает богатого и ленивого вельможу."". Ваш ответ: Гласные - только ""А""
Ответ: ",,________________________________________________________________________________________________________________________________________________________________________________________________________________________________________________________________________________________________________________________________________________________________________________________________________________
"По мнению древнего мудреца Рюхейб-бин-Верда: ""Мудрость состоит из 10 частей. Одна часть — знания и опыт."" А что составляет остальные девять?","Вы участвуете в викторине ""Что? Где? Когда?"". Внимательно прочитайте вопрос из категории ""Восток - дело тонкое"" и ответьте на него. Обратите внимание на формат ответа: если он не указан в вопросе, то запишите только слово или фразу, отвечающую на вопрос, никаких дополнительных рассуждений приводить не нужно.
Вопрос: По мнению древнего мудреца Рюхейб-бин-Верда: ""Мудрость состоит из 10 частей. Одна часть — знания и опыт."" А что составляет остальные девять?
Ответ: ",,________________________________________________________________________________________________________________________________________________________________________________________________________________________________________________________________________________________________________________________________________________________________________________________________________________
